"","ID","Description","setSize","enrichmentScore","NES","pvalue","p.adjust","qvalue","rank","leading_edge","core_enrichment"
"hsa05217","hsa05217","Basal cell carcinoma",4,0.887480176210113,1.96513319854536,0.000385504099125565,0.000385504099125565,0.0608690682829839,8,"tags=75%, list=2%, signal=74%","2736/7474/8321"
"hsa04390","hsa04390","Hippo signaling pathway",5,0.791669495706522,1.92655307084535,0.00136026334571805,0.00136026334571805,0.107389211504057,8,"tags=60%, list=2%, signal=59%","2736/7474/8321"
"hsa05145","hsa05145","Toxoplasmosis",3,-0.866666666666667,-1.79379909148069,0.0059238897685354,0.0059238897685354,0.273238970599027,48,"tags=100%, list=14%, signal=86%","331/598"
"hsa04144","hsa04144","Endocytosis",6,-0.691131498470948,-1.91056836438319,0.00692205392184202,0.00692205392184202,0.273238970599027,108,"tags=100%, list=32%, signal=69%","50855/9897/57180/51510/9559"
"hsa04916","hsa04916","Melanogenesis",4,0.72301582820124,1.60096241601642,0.0183751626254067,0.0183751626254067,0.567332030909203,8,"tags=50%, list=2%, signal=49%","7474/8321"
"hsa04210","hsa04210","Apoptosis",4,-0.735175401924483,-1.73080800644067,0.0218469697203084,0.0218469697203084,0.567332030909203,37,"tags=75%, list=11%, signal=67%","468/331/598"
"hsa04550","hsa04550","Signaling pathways regulating pluripotency of stem cells",4,0.708813236045789,1.5695138427432,0.0251517200369747,0.0251517200369747,0.567332030909203,8,"tags=50%, list=2%, signal=49%","7474/8321"
"hsa05130","hsa05130","Pathogenic Escherichia coli infection",3,-0.766666666666667,-1.58682227323291,0.0331475592773199,0.0331475592773199,0.654228143631314,81,"tags=100%, list=24%, signal=76%","57180/55845"
